0,1,2,3,评论总数,歌手所在
王菲,百年孤寂,https://music.163.com/song?id=299650,《只爱陌生人》,27087,港台
王菲,匆匆那年,https://music.163.com/song?id=31514406,《匆匆那年 电影原声带》,34165,港台
王菲,人间,https://music.163.com/song?id=300062,《王菲》,30693,港台
王菲,你在终点等我,https://music.163.com/song?id=431357712,《你在终点等我》,126751,港台
王菲,红豆,https://music.163.com/song?id=299936,《唱游》,12679,港台
王菲,无问西东,https://music.163.com/song?id=528478901,《无问西东》,29910,港台
王菲,暗涌,https://music.163.com/song?id=1893256185,《20首经典情歌集丨往事只能回味》,185,港台
王菲,暧昧,https://music.163.com/song?id=299981,《菲主打》,38919,港台
王菲,因为爱情,https://music.163.com/song?id=64317,《Stranger Under My Skin》,40971,港台
王菲,矜持,https://music.163.com/song?id=300129,《菲卖品》,33609,港台
王菲,容易受伤的女人,https://music.163.com/song?id=1890666440,《KTV必點：記憶中的懷舊經典》,144,港台
王菲,笑忘书,https://music.163.com/song?id=299601,《寓言》,30816,港台
王菲,我和我的祖国,https://music.163.com/song?id=1392990601,《我和我的祖国》,217182,港台
王菲,流年,https://music.163.com/song?id=299445,《你王菲所以我王菲》,21659,港台
王菲,执迷不悔 (粤语版),https://music.163.com/song?id=300587,《执迷不悔》,7817,港台
王菲,约定,https://music.163.com/song?id=299116,《情·菲·得意》,27073,港台
王菲,致青春,https://music.163.com/song?id=26207292,《致青春》,17608,港台
王菲,又见炊烟,https://music.163.com/song?id=300234,《菲靡靡之音》,4844,港台
王菲,微风细雨 (Live),https://music.163.com/song?id=26584886,《邓丽君60周年纪念演唱会 (王菲篇)》,6237,港台
王菲,传奇,https://music.163.com/song?id=298838,《传奇》,26947,港台
陈奕迅,富士山下,https://music.163.com/song?id=65766,《What's Going On…?》,151705,港台
陈奕迅,红玫瑰,https://music.163.com/song?id=65533,《认了吧》,85433,港台
陈奕迅,爱情转移,https://music.163.com/song?id=65536,《认了吧》,72614,港台
陈奕迅,不要说话,https://music.163.com/song?id=25906124,《不想放手》,101794,港台
陈奕迅,十年,https://music.163.com/song?id=66842,《黑白灰》,56248,港台
陈奕迅,陪你度过漫长岁月,https://music.163.com/song?id=35403523,《陪你度过漫长岁月》,100817,港台
陈奕迅,浮夸,https://music.163.com/song?id=66282,《U-87》,29229,港台
陈奕迅,单车,https://music.163.com/song?id=65592,《Sound & Sight》,13973,港台
陈奕迅,好久不见,https://music.163.com/song?id=65538,《认了吧》,205394,港台
陈奕迅,阴天快乐,https://music.163.com/song?id=28563317,《rice & shine》,120052,港台
陈奕迅,淘汰,https://music.163.com/song?id=65528,《认了吧》,87565,港台
陈奕迅,最佳损友,https://music.163.com/song?id=65800,《Life Continues…》,113468,港台
陈奕迅,孤独患者,https://music.163.com/song?id=64093,《？》,85093,港台
陈奕迅,K歌之王,https://music.163.com/song?id=67467,《打得火热》,2787,港台
陈奕迅,我们,https://music.163.com/song?id=551816010,《我们》,339032,港台
陈奕迅,一丝不挂,https://music.163.com/song?id=64634,《Time Flies》,63311,港台
陈奕迅,葡萄成熟时,https://music.163.com/song?id=66285,《U-87》,49627,港台
陈奕迅,是但求其爱,https://music.163.com/song?id=1496602290,《是但求其爱》,86135,港台
陈奕迅,苦瓜,https://music.163.com/song?id=64293,《Stranger Under My Skin》,42893,港台
陈奕迅,单车(Live),https://music.163.com/song?id=64561,《DUO 陈奕迅2010演唱会》,27253,港台
IU,Celebrity,https://music.163.com/song?id=1815389717,《Celebrity》,95682,日韩
IU,Blueming,https://music.163.com/song?id=1404511131,《Love poem》,48705,日韩
IU,삐삐,https://music.163.com/song?id=1316563427,《삐삐》,53148,日韩
IU,봄 사랑 벚꽃 말고,https://music.163.com/song?id=28391219,《봄 사랑 벚꽃 말고》,32929,日韩
IU,팔레트,https://music.163.com/song?id=473873431,《Palette》,38140,日韩
IU,잼잼,https://music.163.com/song?id=473873434,《Palette》,22939,日韩
IU,좋은 날,https://music.163.com/song?id=22677859,《Real》,12905,日韩
IU,너의 의미,https://music.163.com/song?id=28557036,《꽃갈피》,15093,日韩
IU,밤편지,https://music.163.com/song?id=467590816,《밤편지》,27350,日韩
IU,스물셋,https://music.163.com/song?id=35848032,《CHAT-SHIRE》,22933,日韩
IU,Love poem,https://music.163.com/song?id=1400436688,《Love poem》,52146,日韩
IU,"斑马, 斑马",https://music.163.com/song?id=39443443,《Covers & Unreleased Songs》,28823,日韩
IU,금요일에 만나요,https://music.163.com/song?id=28126835,《Modern Times - Epilogue》,15716,日韩
IU,喜欢你,https://music.163.com/song?id=447279395,《Covers & Unreleased Songs》,3425,日韩
IU,가을 아침,https://music.163.com/song?id=506094660,《가을 아침》,3390,日韩
IU,囍帖街 (Live),https://music.163.com/song?id=35847131,《Covers & Unreleased Songs》,8086,日韩
IU,복숭아,https://music.163.com/song?id=5346651,《스무 살의 봄》,38131,日韩
IU,너랑 나,https://music.163.com/song?id=5346672,《Last Fantasy》,5349,日韩
IU,样(YOUNG) (Live),https://music.163.com/song?id=36492786,《Covers & Unreleased Songs》,4683,日韩
IU,내 손을 잡아,https://music.163.com/song?id=5346685,《최고의 사랑 OST Part.4》,2012,日韩
林宥嘉,全世界谁倾听你,https://music.163.com/song?id=432509483,《蒙面唱将猜猜猜 第一期》,158951,港台
林宥嘉,致姗姗来迟的你,https://music.163.com/song?id=432506809,《全世界谁倾听你》,83527,港台
林宥嘉,成全,https://music.163.com/song?id=431259309,《蒙面唱将猜猜猜 第十一期》,1212,港台
林宥嘉,林宥嘉,https://music.163.com/song?id=472117541,《 热门华语281》,36226,港台
林宥嘉,成全,https://music.163.com/song?id=431259309,《我愚蠢的理想主义》,1212,港台
林宥嘉,全世界谁倾听你,https://music.163.com/song?id=432509483,《欲望反光》,158951,港台
林宥嘉,浪费 (Live),https://music.163.com/song?id=443292045,《残酷月光（伴奏）》,538,港台
林宥嘉,突然好想你(Live),https://music.163.com/song?id=34614324,《超级星光大道 第一届》,7154,港台
林宥嘉,致姗姗来迟的你,https://music.163.com/song?id=432506809,《超级星光大道 第一届》,83527,港台
林宥嘉,我有多么喜欢你,https://music.163.com/song?id=565907377,《903id club 拉阔音乐会》,9017,港台
林宥嘉,残酷月光（伴奏）,https://music.163.com/song?id=1432088662,《林宥嘉》,51,港台
林宥嘉,我是一只鱼 (Live),https://music.163.com/song?id=34916139,《跨年演唱会2012-2013 华语篇2》,1090,港台
林宥嘉,你把我灌醉 (Live),https://music.163.com/song?id=34916137,《超级星光大道 第一届》,569,港台
林宥嘉,吻得太逼真/酷爱(Live),https://music.163.com/song?id=5240868,《哭了.K歌之王》,3334,港台
林宥嘉,林宥嘉,https://music.163.com/song?id=472117541,《如同悲伤被下载了两次》,36226,港台
林宥嘉,开到荼蘼 (Live),https://music.163.com/song?id=406924268,《超级星光大道 第一届》,1245,港台
林宥嘉,到不了 (Live),https://music.163.com/song?id=34916132,《903id club 拉阔音乐会》,277,港台
林宥嘉,哭了.K歌之王(live版),https://music.163.com/song?id=28306728,《超级星光大道 第一届》,2573,港台
林宥嘉,如同悲伤被下载了两次,https://music.163.com/song?id=34179838,《脚趾上的星光 电影原声带》,6493,港台
林宥嘉,悬崖 (Live),https://music.163.com/song?id=34916140,《 热门华语136》,696,港台
张学友,遥远的她,https://music.163.com/song?id=487154152,《环球巨星影音启示录 张学友》,2698,港台
张学友,只想一生跟你走,https://music.163.com/song?id=189987,《一生跟你走 年度代表作品辑》,30655,港台
张学友,如果这都不算爱,https://music.163.com/song?id=188432,《学友 热》,28723,港台
张学友,她来听我的演唱会,https://music.163.com/song?id=188647,《友情歌 1995-2000世纪情歌金选》,47907,港台
张学友,慢慢,https://music.163.com/song?id=189315,《忘记你我做不到》,44873,港台
张学友,吻别,https://music.163.com/song?id=1895553581,《那些追梦时翻唱过的歌 Vol.2》,59,港台
张学友,饿狼传说,https://music.163.com/song?id=190270,《饿狼传说》,22512,港台
张学友,一千个伤心的理由,https://music.163.com/song?id=1882292511,《數字的秘密》,162,港台
张学友,李香兰,https://music.163.com/song?id=32688998,《环球DSD视听之王》,3661,港台
张学友,等你等到我心痛,https://music.163.com/song?id=190360,《等你等到我心痛 张学友精选》,18588,港台
张学友,一路上有你,https://music.163.com/song?id=190458,《吻别》,1868,港台
张学友,每天爱你多一些,https://music.163.com/song?id=1891383358,《治愈系情歌精選》,55,港台
张学友,情书,https://music.163.com/song?id=188674,《友情歌 1995-2000世纪情歌金选》,27155,港台
张学友,忘情冷雨夜,https://music.163.com/song?id=32689000,《环球DSD视听之王》,4585,港台
张学友,回头太难,https://music.163.com/song?id=189072,《友情歌岁月精选》,16366,港台
张学友,你最珍贵,https://music.163.com/song?id=188657,《友情歌 1995-2000世纪情歌金选》,13080,港台
张学友,旧情绵绵,https://music.163.com/song?id=189714,《三年两语》,9766,港台
张学友,夕阳醉了,https://music.163.com/song?id=190808,《只愿一生爱一人》,9502,港台
张学友,烦恼歌,https://music.163.com/song?id=187672,《在你身边》,43504,港台
张学友,我等到花儿也谢了,https://music.163.com/song?id=189873,《真爱 新曲 + 真正精选》,6636,港台
Lady Gaga,Winter Wonderland,https://music.163.com/song?id=1897275279,《2021 巨星聖誕》,12,欧美
Lady Gaga,Winter Wonderland,https://music.163.com/song?id=1896980198,《Low Key Holiday》,6,欧美
Lady Gaga,Just Dance,https://music.163.com/song?id=1897271403,《New Year's Anthem》,3,欧美
Lady Gaga,Poker Face,https://music.163.com/song?id=21038748,《Poker Face》,61157,欧美
Lady Gaga,Bad Romance,https://music.163.com/song?id=1896117986,《The Best New Year's Party Album In The World...Ever!》,19,欧美
Lady Gaga,Always Remember Us This Way,https://music.163.com/song?id=1315441719,《A Star Is Born Soundtrack》,15795,欧美
Lady Gaga,Telephone,https://music.163.com/song?id=1894277634,《00s Pop Party》,23,欧美
Lady Gaga,Paparazzi,https://music.163.com/song?id=21038711,《Paparazzi》,6733,欧美
Lady Gaga,The Cure,https://music.163.com/song?id=472045959,《The Cure》,166207,欧美
Lady Gaga,Monster,https://music.163.com/song?id=1890386404,《Halloween Party》,58,欧美
Lady Gaga,Shallow,https://music.163.com/song?id=1341919992,《2019 GRAMMY® Nominees》,957,欧美
Lady Gaga,Bad Romance,https://music.163.com/song?id=21038465,《The Fame Monster》,4042,欧美
Lady Gaga,Million Reasons,https://music.163.com/song?id=1896119684,《Sad Fall Mix》,26,欧美
Lady Gaga,Judas,https://music.163.com/song?id=21038634,《Judas》,3950,欧美
Lady Gaga,You and I,https://music.163.com/song?id=26611126,《Now That's What I Call Love Songs》,834,欧美
Lady Gaga,Applause,https://music.163.com/song?id=27977949,"《Now That's What I Call Music!, Vol. 48》",330,欧美
Lady Gaga,Christmas Tree,https://music.163.com/song?id=1897275176,《Weihnachten Pop/Rock》,14,欧美
Lady Gaga,Rain On Me,https://music.163.com/song?id=1449991947,《Rain On Me》,29068,欧美
Lady Gaga,Sour Candy,https://music.163.com/song?id=1451492235,《Chromatica》,81323,欧美
Lady Gaga,Boys Boys Boys,https://music.163.com/song?id=2923508,《The Fame (Japanese Edition)》,1944,欧美
Adele,Someone Like You,https://music.163.com/song?id=16435049,《Someone Like You》,98086,欧美
Adele,Hello,https://music.163.com/song?id=35847388,《Hello》,105021,欧美
Adele,Easy On Me,https://music.163.com/song?id=1887190390,《30》,31690,欧美
Adele,Rolling In The Deep,https://music.163.com/song?id=16435051,《Rolling In The Deep》,42310,欧美
Adele,Skyfall (Full Length),https://music.163.com/song?id=16435064,《Skyfall (Full Length)》,7326,欧美
Adele,Make You Feel My Love,https://music.163.com/song?id=16435050,《Make You Feel My Love》,11652,欧美
Adele,When We Were Young,https://music.163.com/song?id=402073823,《When We Were Young》,16233,欧美
Adele,Set Fire to the Rain,https://music.163.com/song?id=2117009,《21》,17452,欧美
Adele,Million Years Ago,https://music.163.com/song?id=36871368,《25》,21289,欧美
Adele,I Miss You,https://music.163.com/song?id=36841429,《25》,2387,欧美
Adele,Love In The Dark,https://music.163.com/song?id=36841427,《25》,6848,欧美
Adele,Don't You Remember,https://music.163.com/song?id=2117005,《21》,6554,欧美
Adele,Chasing Pavements,https://music.163.com/song?id=2117228,《Chasing Pavements》,8417,欧美
Adele,I Drink Wine,https://music.163.com/song?id=1892652689,《30》,1711,欧美
Adele,All I Ask,https://music.163.com/song?id=36841428,《25》,10078,欧美
Adele,Send My Love (To Your New Lover),https://music.163.com/song?id=410846246,《Send My Love (To Your New Lover)》,12289,欧美
Adele,Rolling in the Deep,https://music.163.com/song?id=2116996,《21》,3707,欧美
Adele,Hello,https://music.163.com/song?id=36841430,《25》,5292,欧美
Adele,Remedy,https://music.163.com/song?id=36871366,《25》,2834,欧美
Adele,One and Only,https://music.163.com/song?id=2117024,《21》,4761,欧美
Jony J,山脚,https://music.163.com/song?id=1886366521,《24時·Am》,9494,欧美
Jony J,没你也能活下去,https://music.163.com/song?id=1886371885,《24時·Am》,9668,欧美
Jony J,不用去猜,https://music.163.com/song?id=490595927,《不用去猜》,102889,欧美
Jony J,信仰,https://music.163.com/song?id=31260611,《J HOOD Mixtape》,37522,欧美
Jony J,奴隶,https://music.163.com/song?id=534542490,《奴隶》,43532,欧美
Jony J,顽家,https://music.163.com/song?id=1488796175,《顽家》,17197,欧美
Jony J,少数派报告,https://music.163.com/song?id=1844152730,《Tizzy T》,4085,欧美
Jony J,Lost ,https://music.163.com/song?id=479979029,《Almost Perfect》,17368,欧美
Jony J,喜新恋旧,https://music.163.com/song?id=1325711347,《喜新恋旧》,23297,欧美
Jony J,还可以,https://music.163.com/song?id=1886371882,《24時·Am》,4800,欧美
Jony J,想把你留在这里,https://music.163.com/song?id=1303273422,《夜行动物园》,1229,欧美
Jony J,My Man,https://music.163.com/song?id=1325896303,《喜新恋旧》,29592,欧美
Jony J,盆栽,https://music.163.com/song?id=1886366519,《24時·Am》,2457,欧美
Jony J,欢迎光临,https://music.163.com/song?id=1805842261,《24時·Am》,13160,欧美
Jony J,周润发,https://music.163.com/song?id=1886371881,《24時·Am》,10839,欧美
Jony J,Intro,https://music.163.com/song?id=449818591,《物女金》,3523,欧美
Jony J,忘了没,https://music.163.com/song?id=1886371887,《24時·Am》,3657,欧美
Jony J,暗巷,https://music.163.com/song?id=1886366505,《24時·Am》,4160,欧美
Jony J,住你耳朵里,https://music.163.com/song?id=419374860,《住你耳朵里》,13823,欧美
Jony J,28,https://music.163.com/song?id=1325898283,《喜新恋旧》,6846,欧美
李宗盛,给自己的歌,https://music.163.com/song?id=394670,《南下专线》,45564,港台
李宗盛,鬼迷心窍,https://music.163.com/song?id=108589,《作品李宗盛》,1934,港台
李宗盛,当爱已成往事,https://music.163.com/song?id=108370,《爱情论》,9778,港台
李宗盛,山丘 (Live),https://music.163.com/song?id=407002091,《跨年演唱会2013-2014 华语篇》,44341,港台
李宗盛,漂洋过海来看你,https://music.163.com/song?id=29775419,《热门华语252》,5289,港台
李宗盛,问 (现场版),https://music.163.com/song?id=34248479,《热门华语280》,4734,港台
李宗盛,我终于失去了你 (Live),https://music.163.com/song?id=108139,《理性与感性 作品音乐会》,6435,港台
李宗盛,爱的代价,https://music.163.com/song?id=108299,《爱情论》,25850,港台
李宗盛,凡人歌,https://music.163.com/song?id=108587,《作品李宗盛》,1343,港台
李宗盛,我是真的爱你,https://music.163.com/song?id=108303,《爱情论》,10821,港台
李宗盛,当爱已成往事,https://music.163.com/song?id=196753,《霸王别姬 电影原声带》,950,港台
李宗盛,领悟 (Live),https://music.163.com/song?id=108147,《理性与感性 作品音乐会》,1815,港台
李宗盛,再回首,https://music.163.com/song?id=108475,《滚石香港黄金十年 李宗盛精选》,3014,港台
李宗盛,阴天 (Live),https://music.163.com/song?id=108149,《理性与感性 作品音乐会》,1445,港台
李宗盛,爱如潮水 Solo,https://music.163.com/song?id=1804603902,《Guitar solo》,102,港台
李宗盛,寂寞难耐,https://music.163.com/song?id=109014,《生命中的精灵》,5813,港台
李宗盛,鬼迷心窍,https://music.163.com/song?id=108500,《滚石香港黄金十年 李宗盛精选》,1009,港台
李宗盛,听见有人叫你宝贝,https://music.163.com/song?id=108331,《爱情论》,3726,港台
李宗盛,爱的代价,https://music.163.com/song?id=108456,《滚石香港黄金十年 李宗盛精选》,802,港台
李宗盛,给所有单身女子,https://music.163.com/song?id=108967,《1984-1989 李宗盛作品集》,1535,港台
周华健,,https://music.163.com/song?id=186624,《生·生活》,12354,大陆
周华健,,https://music.163.com/song?id=555984413,《Keep Wakin 1987-2002 周而复始》,17877,大陆
周华健,,https://music.163.com/song?id=5271858,《让我欢喜让我忧》,55700,大陆
周华健,,https://music.163.com/song?id=187134,《忘忧草》,12513,大陆
周华健,难念的经,https://music.163.com/song?id=187215,《花·心》,4319,大陆
周华健,刀剑如梦,https://music.163.com/song?id=186315,《风雨无阻》,5494,大陆
周华健,让我欢喜让我忧,https://music.163.com/song?id=188051,《天下大乱 花木兰之杨佩佩大战金庸 戏剧主题曲全纪录》,6040,大陆
周华健,有没有一首歌会让你想起我,https://music.163.com/song?id=186624,《两岸三地电视剧主题曲大比拼》,12354,大陆
周华健,花·心,https://music.163.com/song?id=187968,《花·心》,17059,大陆
周华健,风雨无阻,https://music.163.com/song?id=187797,《朋友》,5993,大陆
周华健,天下有情人,https://music.163.com/song?id=4878604,《热门华语252》,5748,大陆
周华健,神话·情话,https://music.163.com/song?id=555984413,《爱相随》,17877,大陆
周华健,孤枕难眠,https://music.163.com/song?id=187963,《忘忧草》,2200,大陆
周华健,朋友,https://music.163.com/song?id=187134,《光阴似健 1987-1997》,12513,大陆
周华健,漂洋过海来看你,https://music.163.com/song?id=29775419,《电视剧歌曲大全》,5289,大陆
周华健,爱相随,https://music.163.com/song?id=187582,《雨人》,1924,大陆
周华健,忘忧草,https://music.163.com/song?id=186620,《不愿一个人》,5022,大陆
周华健,其实不想走,https://music.163.com/song?id=187045,《滚石香港黄金十年 周华健精选》,2038,大陆
周华健,难念的经,https://music.163.com/song?id=5271858,《雨人》,55700,大陆
周华健,江湖笑,https://music.163.com/song?id=186272,《滚石香港黄金十年 周华健精选》,9942,大陆
杨千嬅,少女的祈祷,https://music.163.com/song?id=29593497,《Kiss Me Soft avep1》,48258,港台
杨千嬅,野孩子,https://music.163.com/song?id=316486,《千嬅盛放》,42094,港台
杨千嬅,可惜我是水瓶座,https://music.163.com/song?id=316654,《Simply Me》,132557,港台
杨千嬅,处处吻,https://music.163.com/song?id=316686,《Simply Me》,112775,港台
杨千嬅,再见二丁目,https://music.163.com/song?id=316938,《Miriam's Melodies》,45531,港台
杨千嬅,小城大事,https://music.163.com/song?id=316756,《电光幻影》,28009,港台
杨千嬅,勇,https://music.163.com/song?id=316498,《千嬅盛放》,35750,港台
杨千嬅,处处吻,https://music.163.com/song?id=1360515268,《大男人真女人》,411,港台
杨千嬅,杨千嬅,https://music.163.com/song?id=316639,《Simply Me》,3540,港台
杨千嬅,假如让我说下去,https://music.163.com/song?id=316637,《Simply Me》,24880,港台
杨千嬅,花好月圆夜,https://music.163.com/song?id=5265772,《爱唱主题曲》,9006,港台
杨千嬅,一生中最爱,https://music.163.com/song?id=316899,《一生中最爱》,373,港台
杨千嬅,烈女,https://music.163.com/song?id=316691,《Simply Me》,6100,港台
杨千嬅,稀客,https://music.163.com/song?id=316510,《千嬅盛放》,11688,港台
杨千嬅,少女的祈祷,https://music.163.com/song?id=316478,《千嬅盛放》,1142,港台
杨千嬅,人情世故,https://music.163.com/song?id=26034827,《Meridian》,7284,港台
杨千嬅,飞女正传,https://music.163.com/song?id=316509,《千嬅盛放》,6462,港台
杨千嬅,笑中有泪,https://music.163.com/song?id=316656,《Simply Me》,1925,港台
杨千嬅,最好的债,https://music.163.com/song?id=29953039,《最好的债》,1020,港台
杨千嬅,可惜我是水瓶座,https://music.163.com/song?id=316504,《千嬅盛放》,6576,港台
薛之谦,我好像在哪见过你,https://music.163.com/song?id=417859631,《尘》,300267,大陆
薛之谦,演员,https://music.163.com/song?id=32507038,《绅士》,294211,大陆
薛之谦,耗尽,https://music.163.com/song?id=1498342485,《初学者》,151522,大陆
薛之谦,天外来物,https://music.163.com/song?id=1463165983,《天外来物》,459438,大陆
薛之谦,陪你去流浪,https://music.163.com/song?id=1374056689,《初学者》,181044,大陆
薛之谦,演员,https://music.163.com/song?id=32507038,《意外》,294211,大陆
薛之谦,我好像在哪见过你,https://music.163.com/song?id=417859631,《绅士》,300267,大陆
薛之谦,纸船,https://music.163.com/song?id=1442312981,《渡》,148367,大陆
薛之谦,刚刚好,https://music.163.com/song?id=415792881,《蒙面唱将猜猜猜第二季 第11期》,209201,大陆
薛之谦,你还要我怎样,https://music.163.com/song?id=27955653,《渡》,217851,大陆
薛之谦,绅士,https://music.163.com/song?id=32192436,《未完成的歌》,200729,大陆
薛之谦,动物世界,https://music.163.com/song?id=468517654,《意外》,200400,大陆
薛之谦,天后 (Live),https://music.163.com/song?id=519250411,《意外》,2171,大陆
薛之谦,像风一样,https://music.163.com/song?id=516657051,《怪咖》,222251,大陆
薛之谦,认真的雪,https://music.163.com/song?id=169185,《意外》,139429,大陆
薛之谦,方圆几里,https://music.163.com/song?id=27955658,《渡》,101842,大陆
薛之谦,意外,https://music.163.com/song?id=27890306,《怪咖》,136168,大陆
薛之谦,怪咖,https://music.163.com/song?id=574921549,《意外》,110465,大陆
薛之谦,其实,https://music.163.com/song?id=27955654,《怪咖》,178152,大陆
薛之谦,其实,https://music.163.com/song?id=27955654,《怪咖》,178152,大陆
毛不易,消愁,https://music.163.com/song?id=569200213,《平凡的一天》,147123,大陆
毛不易,像我这样的人,https://music.163.com/song?id=569213220,《平凡的一天》,231569,大陆
毛不易,一荤一素,https://music.163.com/song?id=569200212,《平凡的一天》,135282,大陆
毛不易,呓语,https://music.163.com/song?id=1417862046,《小王》,157106,大陆
毛不易,平凡的一天,https://music.163.com/song?id=569214247,《平凡的一天》,145377,大陆
毛不易,给你给我,https://music.163.com/song?id=569200210,《平凡的一天》,122703,大陆
毛不易,借,https://music.163.com/song?id=569214250,《平凡的一天》,125354,大陆
毛不易,不染,https://music.163.com/song?id=536099160,《香蜜沉沉烬如霜 电视原声音乐专辑》,182728,大陆
毛不易,东北民谣,https://music.163.com/song?id=1411558182,《小王》,123912,大陆
毛不易,17,https://music.163.com/song?id=1383923446,《极限17 影视原声专辑》,19901,大陆
毛不易,无问,https://music.163.com/song?id=525278524,《无问》,114647,大陆
毛不易,如果有一天我变得很有钱,https://music.163.com/song?id=569214252,《平凡的一天》,101544,大陆
毛不易,盛夏,https://music.163.com/song?id=569212211,《平凡的一天》,106691,大陆
毛不易,一程山路,https://music.163.com/song?id=1417849873,《小王》,114496,大陆
毛不易,二零三,https://music.163.com/song?id=1407214788,《小王》,123462,大陆
毛不易,别再闹了,https://music.163.com/song?id=1334270281,《别再闹了》,28689,大陆
毛不易,入海,https://music.163.com/song?id=1449782341,《入海》,50960,大陆
毛不易,生活在别处的你 Another me,https://music.163.com/song?id=1860567964,《生活在别处的你 Another me》,56388,大陆
毛不易,感觉自己是巨星,https://music.163.com/song?id=524913480,《感觉自己是巨星》,26825,大陆
毛不易,想你想你,https://music.163.com/song?id=569212210,《平凡的一天》,104074,大陆
邓紫棋,再见,https://music.163.com/song?id=36024806,《新的心跳》,53354,大陆
邓紫棋,光年之外,https://music.163.com/song?id=449818741,《光年之外》,136327,大陆
邓紫棋,泡沫,https://music.163.com/song?id=233931,《Xposed》,28585,大陆
邓紫棋,句号,https://music.163.com/song?id=1405283464,《摩天动物园》,148073,大陆
邓紫棋,倒数,https://music.163.com/song?id=1299550532,《另一个童话》,62025,大陆
邓紫棋,来自天堂的魔鬼,https://music.163.com/song?id=36270426,《新的心跳》,82122,大陆
邓紫棋,喜欢你,https://music.163.com/song?id=28949444,《喜欢你》,42443,大陆
邓紫棋,多远都要在一起,https://music.163.com/song?id=30612793,《新的心跳》,53152,大陆
邓紫棋,画 (Live Piano Session II),https://music.163.com/song?id=412911436,《再见》,73956,大陆
邓紫棋,龙卷风,https://music.163.com/song?id=29450548,《龙卷风》,14219,大陆
邓紫棋,我的秘密,https://music.163.com/song?id=26117675,《My Secret》,2612,大陆
邓紫棋,你把我灌醉,https://music.163.com/song?id=26550057,《The Best of G.E.M. 2008 - 2012 (Deluxe Version)》,8132,大陆
邓紫棋,A.I.N.Y.,https://music.163.com/song?id=26154890,《18 Plus》,1185,大陆
邓紫棋,后会无期,https://music.163.com/song?id=28793502,《后会无期》,42960,大陆
邓紫棋,红蔷薇白玫瑰,https://music.163.com/song?id=420513158,《红蔷薇白玫瑰》,19767,大陆
邓紫棋,孤独,https://music.163.com/song?id=1484967131,《孤独》,52469,大陆
邓紫棋,差不多姑娘,https://music.163.com/song?id=1379444316,《摩天动物园》,24428,大陆
邓紫棋,回忆的沙漏 (国),https://music.163.com/song?id=234066,《G.E.M.》,4861,大陆
邓紫棋,Where Did U Go,https://music.163.com/song?id=234064,《G.E.M.》,8367,大陆
邓紫棋,透明,https://music.163.com/song?id=1412264550,《摩天动物园》,51123,大陆
周深,光亮,https://music.163.com/song?id=1892532629,《光亮》,50113,大陆
周深,大鱼 (Live),https://music.163.com/song?id=1421191783,《歌手·当打之年 第1期》,43812,大陆
周深,起风了,https://music.163.com/song?id=1475596788,《起风了》,75564,大陆
周深,达拉崩吧 (Live),https://music.163.com/song?id=1434062381,《歌手·当打之年 第8期》,227910,大陆
周深,化身孤岛的鲸,https://music.163.com/song?id=1465313631,《化身孤岛的鲸》,107898,大陆
周深,亲爱的旅人啊,https://music.163.com/song?id=1371939273,《亲爱的旅人啊《千与千寻》（Cover 木村弓）》,70681,大陆
周深,望,https://music.163.com/song?id=1814080666,《望》,197824,大陆
周深,大鱼 (唱片版),https://music.163.com/song?id=516823132,《深的深》,12902,大陆
周深,Monsters (Live),https://music.163.com/song?id=1428598981,《歌手·当打之年 第5期》,65100,大陆
周深,漂洋过海来看你,https://music.163.com/song?id=30903117,《漂洋过海来看你》,86980,大陆
周深,千千阙歌 (Live),https://music.163.com/song?id=1446233390,《聚划算55青春选择之夜晚会Live》,35467,大陆
周深,匆匆那年,https://music.163.com/song?id=29759371,《匆匆那年》,12041,大陆
周深,雪花落下,https://music.163.com/song?id=1429392929,《雪花落下》,67367,大陆
周深,灯火里的中国 (舒楠监制 官方正式版),https://music.163.com/song?id=1837528900,《灯火里的中国》,14786,大陆
周深,请笃信一个梦,https://music.163.com/song?id=1416619074,《请笃信一个梦》,51271,大陆
周深,爱若琉璃,https://music.163.com/song?id=1436150979,《爱若琉璃》,49666,大陆
周深,自己按门铃自己听 (Live),https://music.163.com/song?id=1439111144,《歌手·当打之年 第10期》,71254,大陆
周深,云裳羽衣曲,https://music.163.com/song?id=1399132271,《云裳羽衣曲》,18554,大陆
周深,"Baby, До свидания (达尼亚) (Live)",https://music.163.com/song?id=1429908231,《歌手·当打之年 第6期》,52312,大陆
周深,和光同春,https://music.163.com/song?id=1881994402,《和光同春》,51294,大陆
梁静茹,,https://music.163.com/song?id=254485,《勇气》,52783,港台
梁静茹,,https://music.163.com/song?id=254191,《现在开始我爱你》,44278,港台
梁静茹,,https://music.163.com/song?id=254265,《静茹&情歌 别再为他流泪》,12850,港台
梁静茹,勇气,https://music.163.com/song?id=254485,《江苏卫视 2016 跨年演唱会》,52783,港台
梁静茹,会呼吸的痛,https://music.163.com/song?id=254060,《丝路》,321,港台
梁静茹,情歌,https://music.163.com/song?id=254102,《崇拜》,3207,港台
梁静茹,暖暖(Live),https://music.163.com/song?id=399353365,《燕尾蝶》,13198,港台
梁静茹,可惜不是你,https://music.163.com/song?id=254191,《爱久见人心》,44278,港台
梁静茹,给未来的自己,https://music.163.com/song?id=254135,《恋爱的力量》,2558,港台
梁静茹,宁夏,https://music.163.com/song?id=254265,《静茹&情歌 别再为他流泪》,12850,港台
梁静茹,爱久见人心,https://music.163.com/song?id=254037,《理性与感性 作品音乐会》,32581,港台
梁静茹,爱你不是两三天,https://music.163.com/song?id=254319,《恋爱的力量》,4864,港台
梁静茹,没有如果,https://music.163.com/song?id=254099,《崇拜》,1094,港台
梁静茹,问 (Live),https://music.163.com/song?id=108143,《超级星光Pk宝典2》,2866,港台
梁静茹,分手快乐,https://music.163.com/song?id=254309,《亲亲》,55295,港台
梁静茹,崇拜,https://music.163.com/song?id=254129,《理性与感性 作品音乐会》,1210,港台
梁静茹,夜夜夜夜,https://music.163.com/song?id=5252288,《勇气》,5088,港台
梁静茹,亲亲,https://music.163.com/song?id=254144,《丝路》,592,港台
梁静茹,梦醒时分 (Live),https://music.163.com/song?id=108145,《爱久见人心》,1591,港台
梁静茹,如果有一天,https://music.163.com/song?id=254486,《江苏卫视 2016 跨年演唱会》,5108,港台
孙燕姿,克卜勒,https://music.163.com/song?id=1896116022,《百聽不厭流行曲》,66,港台
孙燕姿,遇见,https://music.163.com/song?id=454828887,《白羽毛之恋 华语典藏情歌 Vol.2》,22667,港台
孙燕姿,我怀念的,https://music.163.com/song?id=287063,《逆光》,125925,港台
孙燕姿,开始懂了,https://music.163.com/song?id=287719,《我要的幸福》,59581,港台
孙燕姿,天黑黑,https://music.163.com/song?id=1468114211,《上一首情歌 (国语精选)》,464,港台
孙燕姿,我不难过,https://music.163.com/song?id=1468114210,《上一首情歌 (国语精选)》,181,港台
孙燕姿,绿光,https://music.163.com/song?id=287021,"《My Story, Your Song 经典全纪录 (主打精华版)》",38613,港台
孙燕姿,逆光,https://music.163.com/song?id=287057,《逆光》,21882,港台
孙燕姿,我怀念的 (Live),https://music.163.com/song?id=34200623,《2010垦丁半岛音乐嘉年华》,3881,港台
孙燕姿,当冬夜渐暖,https://music.163.com/song?id=286959,《是时候》,11610,港台
孙燕姿,愚人的国度,https://music.163.com/song?id=286970,《是时候》,11654,港台
孙燕姿,第一天,https://music.163.com/song?id=287248,《完美的一天》,15970,港台
孙燕姿,半句再见,https://music.163.com/song?id=548556869,《半句再见》,39796,港台
孙燕姿,Hey Jude,https://music.163.com/song?id=5241526,《谈情说爱》,1596,港台
孙燕姿,原来你什么都不要,https://music.163.com/song?id=1331876115,《鉴听天碟 - 难忘篇》,744,港台
孙燕姿,眼泪成诗,https://music.163.com/song?id=287041,"《My Story, Your Song 经典全纪录 (主打精华版)》",7838,港台
孙燕姿,我也很想他,https://music.163.com/song?id=287280,《Stefanie》,18801,港台
孙燕姿,克卜勒,https://music.163.com/song?id=28196001,《克卜勒》,40328,港台
孙燕姿,尚好的青春,https://music.163.com/song?id=28283346,《克卜勒》,37511,港台
孙燕姿,Honey Honey,https://music.163.com/song?id=287251,《完美的一天》,13182,港台
陈粒,走马,https://music.163.com/song?id=30431367,《如也》,109265,大陆
陈粒,小半,https://music.163.com/song?id=421423806,《小梦大半》,247302,大陆
陈粒,易燃易爆炸,https://music.163.com/song?id=30431376,《如也》,132902,大陆
陈粒,奇妙能力歌,https://music.163.com/song?id=30431366,《如也》,66271,大陆
陈粒,光,https://music.163.com/song?id=30431364,《如也》,69768,大陆
陈粒,虚拟,https://music.163.com/song?id=421423808,《小梦大半》,82604,大陆
陈粒,历历万乡,https://music.163.com/song?id=30431375,《如也》,12118,大陆
陈粒,性空山,https://music.163.com/song?id=30051774,《未收录的单曲》,54172,大陆
陈粒,祝星,https://music.163.com/song?id=30431368,《如也》,21693,大陆
陈粒,桥豆麻袋,https://music.163.com/song?id=421563713,《小梦大半》,23163,大陆
陈粒,绝对占有 相对自由,https://music.163.com/song?id=30431377,《如也》,21236,大陆
陈粒,如也,https://music.163.com/song?id=30431374,《如也》,7776,大陆
陈粒,自渡,https://music.163.com/song?id=421563717,《小梦大半》,20420,大陆
陈粒,妙龄童,https://music.163.com/song?id=29979822,《未收录的单曲》,13599,大陆
陈粒,不灭,https://music.163.com/song?id=30431365,《如也》,8934,大陆
陈粒,无所求必满载而归,https://music.163.com/song?id=1354445115,《无所求必满载而归》,15846,大陆
陈粒,种种,https://music.163.com/song?id=31152310,《未收录的单曲》,34750,大陆
陈粒,戏台,https://music.163.com/song?id=461301042,《戏台》,19895,大陆
陈粒,芳草地,https://music.163.com/song?id=421563711,《小梦大半》,14114,大陆
陈粒,★,https://music.163.com/song?id=29753852,《未收录的单曲》,11378,大陆
王靖雯不胖,会吗,https://music.163.com/song?id=1897563559,《模样》,627,大陆
王靖雯不胖,不知所措,https://music.163.com/song?id=1897563555,《模样》,58,大陆
王靖雯不胖,说说话,https://music.163.com/song?id=1894042538,《我不再是你生命的一束光》,308,大陆
王靖雯不胖,说说话,https://music.163.com/song?id=1897644645,《模样》,147,大陆
王靖雯不胖,遗憾也值得,https://music.163.com/song?id=1894188248,《遗憾也值得》,452,大陆
王靖雯不胖,永不失联的爱,https://music.163.com/song?id=1896272197,《遇见.想念》,49,大陆
王靖雯不胖,忽而今夏,https://music.163.com/song?id=1893886498,《王靖雯不胖》,93,大陆
王靖雯不胖,空欢喜,https://music.163.com/song?id=1894796557,《空欢喜》,259,大陆
王靖雯不胖,讨,https://music.163.com/song?id=1896259012,《讨》,77,大陆
王靖雯不胖,不知所措（完整版）,https://music.163.com/song?id=1896226985,《王靖雯不胖》,15,大陆
王靖雯不胖,我只是想和你说说话,https://music.163.com/song?id=1897600261,《我不再是你生命的一束光》,354,大陆
王靖雯不胖,几回,https://music.163.com/song?id=1895493116,《几回》,73,大陆
王靖雯不胖,唉,https://music.163.com/song?id=1895991855,《唉》,106,大陆
王靖雯不胖,以后别做朋友,https://music.163.com/song?id=1894048370,《以后别做朋友》,50,大陆
王靖雯不胖,忽而今夏,https://music.163.com/song?id=1894039281,《忽而今夏》,21,大陆
王靖雯不胖,遗憾也值得,https://music.163.com/song?id=1896493463,《王靖雯不胖》,37,大陆
王靖雯不胖,天上的星星不说话（翻自 俞天时Kozay/Rarpid望江晴）,https://music.163.com/song?id=1467981119,,1234,大陆
王靖雯不胖,错的人（翻自 萧亚轩）,https://music.163.com/song?id=1468234117,,4342,大陆
王靖雯不胖,祝贺,https://music.163.com/song?id=1894048402,《祝贺》,15,大陆
王靖雯不胖,我爱你,https://music.163.com/song?id=1895989404,《我爱你》,8,大陆
米津玄师,Lemon,https://music.163.com/song?id=536622304,《Lemon》,312101,日韩
米津玄师,LOSER,https://music.163.com/song?id=512359195,《BOOTLEG》,89880,日韩
米津玄师,打上花火,https://music.163.com/song?id=496869422,《打上花火》,228929,日韩
米津玄师,Flamingo,https://music.163.com/song?id=1318880077,《Flamingo / TEENAGE RIOT》,28773,日韩
米津玄师,死神,https://music.163.com/song?id=1851022762,《Pale Blue》,14315,日韩
米津玄师,灰色と青,https://music.163.com/song?id=512376195,《BOOTLEG》,32597,日韩
米津玄师,打上花火,https://music.163.com/song?id=512358200,《BOOTLEG》,19488,日韩
米津玄师,NANIMONO,https://music.163.com/song?id=433223017,《NANIMONO EP》,7938,日韩
米津玄师,百鬼夜行,https://music.163.com/song?id=28445999,《YANKEE》,3653,日韩
米津玄师,春雷,https://music.163.com/song?id=512359198,《BOOTLEG》,21960,日韩
米津玄师,ピースサイン,https://music.163.com/song?id=485355004,《ピースサイン》,82117,日韩
米津玄师,LOSER,https://music.163.com/song?id=432509390,《LOSER / ナンバーナイン》,15573,日韩
米津玄师,海の幽霊,https://music.163.com/song?id=1369903412,《海の幽霊》,30625,日韩
米津玄师,パプリカ,https://music.163.com/song?id=1466598055,《STRAY SHEEP》,2178,日韩
米津玄师,感電,https://music.163.com/song?id=1466597802,《STRAY SHEEP》,8074,日韩
米津玄师,ごめんね,https://music.163.com/song?id=1321385247,《Flamingo / TEENAGE RIOT》,4664,日韩
米津玄师,Lemon,https://music.163.com/song?id=1466598056,《STRAY SHEEP》,6794,日韩
米津玄师,orion,https://music.163.com/song?id=512377169,《BOOTLEG》,9318,日韩
米津玄师,馬と鹿,https://music.163.com/song?id=1390397310,《馬と鹿》,9386,日韩
米津玄师,爱丽丝,https://music.163.com/song?id=512358197,《BOOTLEG》,5500,日韩
宇多田光,One Last Kiss,https://music.163.com/song?id=1824020871,《One Last Kiss》,33745,日韩
宇多田光,First Love,https://music.163.com/song?id=22786083,《First Love》,10791,日韩
宇多田光,Prisoner Of Love,https://music.163.com/song?id=666406,《HEART STATION》,11091,日韩
宇多田光,First Love (Live),https://music.163.com/song?id=439915158,《Utada Hikaru Unplugged》,686,日韩
宇多田光,Merry Christmas Mr. Lawrence - FYI,https://music.163.com/song?id=1361336637,《This Is The One》,508,日韩
宇多田光,Beautiful World (2021 Remastered),https://music.163.com/song?id=1825842041,《Beautiful World -2021 Remastered-》,1420,日韩
宇多田光,Stay Gold,https://music.163.com/song?id=666395,《HEART STATION》,3506,日韩
宇多田光,Automatic,https://music.163.com/song?id=667320,《Automatic / Time Will Tell》,1561,日韩
宇多田光,Distance,https://music.163.com/song?id=22786055,《Distance》,1043,日韩
宇多田光,誓い,https://music.163.com/song?id=1301349913,《初恋》,1045,日韩
宇多田光,Flavor Of Life,https://music.163.com/song?id=666465,《Flavor Of Life》,2778,日韩
宇多田光,初恋,https://music.163.com/song?id=567601200,《初恋》,2989,日韩
宇多田光,桜流し,https://music.163.com/song?id=26092656,《桜流し》,11224,日韩
宇多田光,Come Back To Me,https://music.163.com/song?id=1361336636,《This Is The One》,159,日韩
宇多田光,Fly Me To The Moon (In Other Words) (2007 MIX / 2021 Remastered),https://music.163.com/song?id=1825844266,《Beautiful World -2021 Remastered-》,393,日韩
宇多田光,First Love,https://music.163.com/song?id=22786040,《Music Box》,196,日韩
宇多田光,あなた,https://music.163.com/song?id=1301349912,《初恋》,1274,日韩
宇多田光,Can You Keep A Secret?,https://music.163.com/song?id=667076,《Can You Keep A Secret?》,701,日韩
宇多田光,Flavor Of Life (Ballad Version),https://music.163.com/song?id=666393,《HEART STATION》,493,日韩
宇多田光,真夏の通り雨,https://music.163.com/song?id=430208484,《Fantôme》,1286,日韩
中岛美嘉,僕が死のうと思ったのは,https://music.163.com/song?id=26830207,《僕が死のうと思ったのは》,533480,日韩
中岛美嘉,雪の華,https://music.163.com/song?id=26085194,《LOVE》,3052,日韩
中岛美嘉,生活在别处的你 Another me,https://music.163.com/song?id=1860567964,《生活在别处的你 Another me》,56388,日韩
中岛美嘉,桜色舞うころ,https://music.163.com/song?id=624825,《BEST》,7492,日韩
中岛美嘉,僕が死のうと思ったのは,https://music.163.com/song?id=29715487,《DEARS(ALL SINGLES BEST)》,5405,日韩
中岛美嘉,雪の華,https://music.163.com/song?id=625096,《雪の華》,17299,日韩
中岛美嘉,《曾经我也想过一了百了》指弹,https://music.163.com/song?id=1893177527,《勇敢生活》,23,日韩
中岛美嘉,Always,https://music.163.com/song?id=29715446,《TEARS(ALL SINGLES BEST)》,480,日韩
中岛美嘉,初恋,https://music.163.com/song?id=1342760268,《雪の華15周年記念ベスト盤 BIBLE》,110,日韩
中岛美嘉,明日世界が終わるなら,https://music.163.com/song?id=25986016,《REAL》,779,日韩
中岛美嘉,FIND THE WAY,https://music.163.com/song?id=26085196,《LOVE》,2375,日韩
中岛美嘉,僕が死のうと思ったのは,https://music.163.com/song?id=467011317,《TOUGH》,18343,日韩
中岛美嘉,一番綺麗な私を,https://music.163.com/song?id=29715444,《TEARS(ALL SINGLES BEST)》,443,日韩
中岛美嘉,Glamorous Sky,https://music.163.com/song?id=624628,《The End》,246,日韩
中岛美嘉,花束,https://music.163.com/song?id=35956954,《花束》,578,日韩
中岛美嘉,LETTER,https://music.163.com/song?id=25986004,《REAL》,1102,日韩
中岛美嘉,流れ星,https://music.163.com/song?id=29715470,《DEARS(ALL SINGLES BEST)》,55,日韩
中岛美嘉,初恋,https://music.163.com/song?id=25706266,《初恋》,1440,日韩
中岛美嘉,僕が死のうと思ったのは (2015演唱会现场版),https://music.163.com/song?id=34766208,《最新热歌慢摇116》,19805,日韩
中岛美嘉,雪花,https://music.163.com/song?id=4876209,《求婚事务所 电视原声带》,452,日韩
Taylor Swift,Love Story,https://music.163.com/song?id=19292984,《Fearless》,67492,欧美
Taylor Swift,Cruel Summer,https://music.163.com/song?id=1382576173,《Lover》,37657,欧美
Taylor Swift,Blank Space,https://music.163.com/song?id=29572501,《1989 (Deluxe)》,15742,欧美
Taylor Swift,Look What You Made Me Do,https://music.163.com/song?id=501133611,《reputation》,657558,欧美
Taylor Swift,Lover,https://music.163.com/song?id=1382778514,《Lover》,40889,欧美
Taylor Swift,Red,https://music.163.com/song?id=1329942991,《reputation Stadium Tour Surprise Song Playlist》,471,欧美
Taylor Swift,Style,https://music.163.com/song?id=29572502,《1989 (Deluxe)》,16157,欧美
Taylor Swift,You Belong With Me,https://music.163.com/song?id=19292987,《Fearless》,22887,欧美
Taylor Swift,Love Story (Taylor's Version) (Elvira Remix),https://music.163.com/song?id=1832563168,《Love Story (Taylor's Version) (Elvira Remix)》,3249,欧美
Taylor Swift,Safe & Sound,https://music.163.com/song?id=2001472,《Safe & Sound》,22529,欧美
Taylor Swift,I Knew You Were Trouble.,https://music.163.com/song?id=1329944259,《reputation Stadium Tour Surprise Song Playlist》,181,欧美
Taylor Swift,exile,https://music.163.com/song?id=1465114465,《folklore (deluxe version)》,25475,欧美
Taylor Swift,Welcome To New York,https://music.163.com/song?id=29561031,《1989 (Deluxe)》,18587,欧美
Taylor Swift,ME!,https://music.163.com/song?id=1382781549,《Lover》,8905,欧美
Taylor Swift,Love Story (1989 Mix),https://music.163.com/song?id=1809108646,,1011,欧美
Taylor Swift,Gorgeous,https://music.163.com/song?id=514235010,《reputation》,68165,欧美
Taylor Swift,Shake It Off,https://music.163.com/song?id=28953033,《Shake It Off》,16055,欧美
Taylor Swift,Welcome To New York,https://music.163.com/song?id=1329944266,《reputation Stadium Tour Surprise Song Playlist》,790,欧美
Taylor Swift,Last Christmas,https://music.163.com/song?id=2002351,《The Taylor Swift Holiday Collection》,6665,欧美
Taylor Swift,All Too Well (Sad Girl Autumn Version) - Recorded at Long Pond Studios,https://music.163.com/song?id=1895800414,《All Too Well (Sad Girl Autumn Version) - Recorded at Long Pond Studios》,2549,欧美
Justin Bieber,,https://music.163.com/song?id=1859245776,《Weihnachtslieder - Die schönster Klassiker》,129185,欧美
Justin Bieber,,https://music.163.com/song?id=36496695,《Top Hits 2021》,72582,欧美
Justin Bieber,,https://music.163.com/song?id=1830419924,《Christmas Party 2021》,20386,欧美
Justin Bieber,,https://music.163.com/song?id=420922950,《STAY》,37525,欧美
Justin Bieber,Christmas Love,https://music.163.com/song?id=1896979941,《Purpose》,268,欧美
Justin Bieber,Peaches,https://music.163.com/song?id=1897275122,《Changes》,84,欧美
Justin Bieber,Mistletoe,https://music.163.com/song?id=1896979972,《My Worlds》,40,欧美
Justin Bieber,STAY,https://music.163.com/song?id=1859245776,《Pop Pa' Curar La Cruda》,129185,欧美
Justin Bieber,Love Yourself,https://music.163.com/song?id=36496695,《Justice (中国豪华特别版)》,72582,欧美
Justin Bieber,Intentions,https://music.163.com/song?id=1421443440,《Encore》,33676,欧美
Justin Bieber,Eenie Meenie,https://music.163.com/song?id=18638050,《Lonely》,12628,欧美
Justin Bieber,Yummy,https://music.163.com/song?id=1492523045,《Love Me》,1050,欧美
Justin Bieber,Peaches,https://music.163.com/song?id=1830419924,《What Do You Mean?》,20386,欧美
Justin Bieber,Let Me Love You,https://music.163.com/song?id=420922950,《Best Clean Hits》,37525,欧美
Justin Bieber,Lonely,https://music.163.com/song?id=1487478840,《One Time》,22653,欧美
Justin Bieber,Love Me,https://music.163.com/song?id=40237792,《As Long As You Love Me》,5319,欧美
Justin Bieber,What Do You Mean?,https://music.163.com/song?id=34228719,《Sing-Along Hits》,71294,欧美
Justin Bieber,Baby,https://music.163.com/song?id=1894278327,《Despacito (Remix)》,160,欧美
Justin Bieber,One Time,https://music.163.com/song?id=18638059,《Kids Friendly Pop》,10455,欧美
Justin Bieber,As Long As You Love Me,https://music.163.com/song?id=1518938,《Purpose》,35424,欧美
华晨宇,好想爱这个世界啊 (Live),https://music.163.com/song?id=1436910205,《歌手·当打之年 第9期》,407633,大陆
华晨宇,烟火里的尘埃,https://music.163.com/song?id=29004400,《烟火里的尘埃》,325964,大陆
华晨宇,国王与乞丐,https://music.163.com/song?id=32835565,《异类》,151049,大陆
华晨宇,山海 (Live),https://music.163.com/song?id=545799107,《歌手2018 第9期》,20821,大陆
华晨宇,我管你,https://music.163.com/song?id=32619105,《异类》,108960,大陆
华晨宇,寒鸦少年,https://music.163.com/song?id=1305366556,《寒鸦少年》,149776,大陆
华晨宇,齐天,https://music.163.com/song?id=481859794,《齐天》,104650,大陆
华晨宇,异类,https://music.163.com/song?id=33190545,《异类》,105769,大陆
华晨宇,易燃易爆炸 (Live),https://music.163.com/song?id=544151494,《歌手2018 第8期》,23516,大陆
华晨宇,For Forever,https://music.163.com/song?id=426291338,《For Forever》,113689,大陆
华晨宇,Here We Are,https://music.163.com/song?id=420125810,《Here We Are》,107105,大陆
华晨宇,好想爱这个世界啊,https://music.163.com/song?id=1407358755,《好想爱这个世界啊》,1391820,大陆
华晨宇,疯人院 (Live),https://music.163.com/song?id=1439111141,《歌手·当打之年 第10期》,119115,大陆
华晨宇,斗牛 (Live),https://music.163.com/song?id=1422992414,《歌手·当打之年 第2期》,142784,大陆
华晨宇,寻,https://music.163.com/song?id=472137749,《寻》,106693,大陆
华晨宇,你要相信这不是最后一天,https://music.163.com/song?id=1425643256,《你要相信这不是最后一天》,174865,大陆
华晨宇,孩子 (Live),https://music.163.com/song?id=536937393,《歌手2018 第5期》,29736,大陆
华晨宇,蜉蝣,https://music.163.com/song?id=34228112,《异类》,105194,大陆
华晨宇,平凡之路 (Live),https://music.163.com/song?id=548823551,《歌手2018 第11期》,26193,大陆
华晨宇,光年之外 (Live),https://music.163.com/song?id=552458417,《歌手2018 歌王之战》,4460,大陆
